<?xml version="1.0" encoding="UTF-8" standalone="yes"?>
<addon id="plugin.video.kasbr" name="The Kasbr Wizard" version="0.0.1" provider-name="Kasbr">
	<requires>
		<import addon="xbmc.python" version="2.1.0"/>
	</requires>
	<extension point="xbmc.python.pluginsource" library="addon.py">
		<provides>video executable</provides>
	</extension>
	<extension point="xbmc.addon.metadata">
		<summary>The Kasbr Wizard</summary>
		<disclaimer></disclaimer>
		<platform>all</platform>
		<language>en</language>
		<forum></forum>
		<website>http://kasbr.com</website>
		<source></source>
		<email></email>
	</extension>
</addon>